{
  "data": [
    [
      "2026-04-21T20:43:48.0000000+00:00",
      {
        "rps": 1668,
        "avg_latency_ms": 19.11,
        "p99_latency_ms": 84,
        "cpu_pct": 2698.9,
        "memory_bytes": 3435973836,
        "connections": 32,
        "threads": 64,
        "duration_ms": 5000,
        "pipeline": 1,
        "bandwidth_bps": 259420.00000000003,
        "input_bw_bps": 13230000000,
        "reconnects": 1665,
        "status_2xx": 8344,
        "status_3xx": 0,
        "status_4xx": 0,
        "status_5xx": 0
      }
    ]
  ]
}