{
  "data": [
    [
      "2026-04-21T21:53:55.0000000+00:00",
      {
        "rps": 614771,
        "avg_latency_ms": 5.89,
        "p99_latency_ms": 18.81,
        "cpu_pct": 5802.2,
        "memory_bytes": 1610612736,
        "connections": 64,
        "threads": 64,
        "duration_ms": 5000,
        "pipeline": 1,
        "bandwidth_bps": 66870000.00000001,
        "input_bw_bps": null,
        "reconnects": 0,
        "status_2xx": 3075491,
        "status_3xx": 0,
        "status_4xx": 0,
        "status_5xx": 0
      }
    ]
  ]
}