{
  "data": [
    [
      "2026-05-03T18:15:19.0000000+00:00",
      {
        "rps": 19744758,
        "avg_latency_ms": 1.92,
        "p99_latency_ms": 7.12,
        "cpu_pct": 5656.8,
        "memory_bytes": 398458880,
        "connections": 4096,
        "threads": 64,
        "duration_ms": 5000,
        "pipeline": 16,
        "bandwidth_bps": 131889999.99999999,
        "input_bw_bps": null,
        "reconnects": 0,
        "status_2xx": 98723790,
        "status_3xx": 0,
        "status_4xx": 0,
        "status_5xx": 0
      }
    ]
  ]
}