{
  "data": [
    [
      "2026-05-03T18:15:19.0000000+00:00",
      {
        "rps": 19407960,
        "avg_latency_ms": 2.94,
        "p99_latency_ms": 9.6,
        "cpu_pct": 5864.6,
        "memory_bytes": 398458880,
        "connections": 16384,
        "threads": 64,
        "duration_ms": 5000,
        "pipeline": 16,
        "bandwidth_bps": 129699999.99999999,
        "input_bw_bps": null,
        "reconnects": 0,
        "status_2xx": 97039800,
        "status_3xx": 0,
        "status_4xx": 0,
        "status_5xx": 0
      }
    ]
  ]
}