{
  "data": [
    [
      "2026-04-21T20:43:48.0000000+00:00",
      {
        "rps": 597272,
        "avg_latency_ms": 4.51,
        "p99_latency_ms": 21,
        "cpu_pct": 5472.8,
        "memory_bytes": 515479961,
        "connections": 4096,
        "threads": 64,
        "duration_ms": 5000,
        "pipeline": 1,
        "bandwidth_bps": 2049999999.9999998,
        "input_bw_bps": null,
        "reconnects": 117712,
        "status_2xx": 2986360,
        "status_3xx": 0,
        "status_4xx": 0,
        "status_5xx": 0
      }
    ]
  ]
}