{
  "data": [
    [
      "2026-04-03T10:41:23.0000000+00:00",
      {
        "rps": 39479,
        "avg_latency_ms": 4.07,
        "p99_latency_ms": 31.6,
        "cpu_pct": 405.7,
        "memory_bytes": 226387558,
        "connections": 256,
        "threads": 64,
        "duration_ms": 5000,
        "pipeline": 1,
        "bandwidth_bps": 187140000,
        "input_bw_bps": 2029999.9999999998,
        "reconnects": 133256,
        "status_2xx": 592197,
        "status_3xx": 0,
        "status_4xx": 0,
        "status_5xx": 0
      }
    ]
  ]
}