{
  "data": [
    [
      "2026-04-01T09:56:28.0000000+00:00",
      {
        "rps": 323815,
        "avg_latency_ms": 3.9,
        "p99_latency_ms": 10.6,
        "cpu_pct": 9543,
        "memory_bytes": 143130624,
        "connections": 4096,
        "threads": 64,
        "duration_ms": 5000,
        "pipeline": 1,
        "bandwidth_bps": 49810000,
        "input_bw_bps": 32729999.999999996,
        "reconnects": 595,
        "status_2xx": 1619077,
        "status_3xx": 0,
        "status_4xx": 587200,
        "status_5xx": 0
      }
    ]
  ]
}