{
  "data": [
    [
      "2026-05-13T13:37:26.0000000+00:00",
      {
        "rps": 285322,
        "avg_latency_ms": 3.13,
        "p99_latency_ms": 28,
        "cpu_pct": 3624.5,
        "memory_bytes": 306184192,
        "connections": 1024,
        "threads": 64,
        "duration_ms": 5000,
        "pipeline": 1,
        "bandwidth_bps": 1070000000.0000001,
        "input_bw_bps": 19050000,
        "reconnects": 113646,
        "status_2xx": 2853227,
        "status_3xx": 0,
        "status_4xx": 0,
        "status_5xx": 0
      }
    ]
  ]
}