{
  "data": [
    [
      "2026-04-01T09:56:28.0000000+00:00",
      {
        "rps": 1723142,
        "avg_latency_ms": 2.37,
        "p99_latency_ms": 26.3,
        "cpu_pct": 6318.7,
        "memory_bytes": 3113851289,
        "connections": 4096,
        "threads": 64,
        "duration_ms": 5000,
        "pipeline": 1,
        "bandwidth_bps": 267760000,
        "input_bw_bps": 133110000.00000001,
        "reconnects": 0,
        "status_2xx": 8615712,
        "status_3xx": 0,
        "status_4xx": 0,
        "status_5xx": 0
      }
    ]
  ]
}