{
  "data": [
    [
      "2026-04-21T20:43:48.0000000+00:00",
      {
        "rps": 113993,
        "avg_latency_ms": 4.29,
        "p99_latency_ms": 5.28,
        "cpu_pct": 6042,
        "memory_bytes": 3435973836,
        "connections": 512,
        "threads": 64,
        "duration_ms": 5000,
        "pipeline": 1,
        "bandwidth_bps": 16629999.999999998,
        "input_bw_bps": null,
        "reconnects": 569982,
        "status_2xx": 569968,
        "status_3xx": 0,
        "status_4xx": 0,
        "status_5xx": 0
      }
    ]
  ]
}