{
  "data": [
    [
      "2026-04-01T09:56:28.0000000+00:00",
      {
        "rps": 64367,
        "avg_latency_ms": 8.64,
        "p99_latency_ms": 26.7,
        "cpu_pct": 8923.5,
        "memory_bytes": 955043020,
        "connections": 4096,
        "threads": 64,
        "duration_ms": 5000,
        "pipeline": 1,
        "bandwidth_bps": 2029999999.9999998,
        "input_bw_bps": 4490000000,
        "reconnects": 208067,
        "status_2xx": 965514,
        "status_3xx": 0,
        "status_4xx": 0,
        "status_5xx": 0
      }
    ]
  ]
}