{
  "data": [
    [
      "2026-04-01T09:56:28.0000000+00:00",
      {
        "rps": 3180283,
        "avg_latency_ms": 2.58,
        "p99_latency_ms": 9.01,
        "cpu_pct": 8317.6,
        "memory_bytes": 72771174,
        "connections": 512,
        "threads": 64,
        "duration_ms": 5000,
        "pipeline": 16,
        "bandwidth_bps": 536559999.99999994,
        "input_bw_bps": null,
        "reconnects": 0,
        "status_2xx": 15901417,
        "status_3xx": 0,
        "status_4xx": 0,
        "status_5xx": 0
      }
    ]
  ]
}