{
  "data": [
    [
      "2026-04-21T09:18:39.0000000+00:00",
      {
        "rps": 1347587,
        "avg_latency_ms": 0.73427,
        "p99_latency_ms": 0.73427,
        "cpu_pct": 6493.4,
        "memory_bytes": 318452531,
        "connections": 1024,
        "threads": 64,
        "duration_ms": 5000,
        "pipeline": 1,
        "bandwidth_bps": null,
        "input_bw_bps": null,
        "reconnects": 0,
        "status_2xx": 6872017,
        "status_3xx": 0,
        "status_4xx": 0,
        "status_5xx": 0
      }
    ]
  ]
}