{
  "data": [
    [
      "2026-04-01T09:56:28.0000000+00:00",
      {
        "rps": 54925,
        "avg_latency_ms": 145.17,
        "p99_latency_ms": 343.3,
        "cpu_pct": 2281.2,
        "memory_bytes": 611634380,
        "connections": 16384,
        "threads": 64,
        "duration_ms": 5000,
        "pipeline": 1,
        "bandwidth_bps": 6730000,
        "input_bw_bps": 32159999.999999996,
        "reconnects": 154361,
        "status_2xx": 276822,
        "status_3xx": 0,
        "status_4xx": 39561,
        "status_5xx": 0
      }
    ]
  ]
}