{
  "data": [
    [
      "2026-04-02T09:58:32.0000000+00:00",
      {
        "rps": 1857,
        "avg_latency_ms": 42.52,
        "p99_latency_ms": 393.6,
        "cpu_pct": 404.8,
        "memory_bytes": 298424729,
        "connections": 128,
        "threads": 64,
        "duration_ms": 5000,
        "pipeline": 1,
        "bandwidth_bps": 61400000,
        "input_bw_bps": 132759999.99999999,
        "reconnects": 6157,
        "status_2xx": 27860,
        "status_3xx": 0,
        "status_4xx": 0,
        "status_5xx": 0
      }
    ]
  ]
}