{
  "data": [
    [
      "2026-04-21T21:49:43.0000000+00:00",
      {
        "rps": 3142850,
        "avg_latency_ms": 8.5,
        "p99_latency_ms": 8.5,
        "cpu_pct": 6382,
        "memory_bytes": 3758096384,
        "connections": 256,
        "threads": 64,
        "duration_ms": 5000,
        "pipeline": 1,
        "bandwidth_bps": 257769999.99999997,
        "input_bw_bps": null,
        "reconnects": 0,
        "status_2xx": 15714253,
        "status_3xx": 0,
        "status_4xx": 0,
        "status_5xx": 0
      }
    ]
  ]
}