{
  "data": [
    [
      "2026-06-26T09:14:23.0000000+00:00",
      {
        "rps": 37253529,
        "avg_latency_ms": 0.219,
        "p99_latency_ms": 0.586,
        "cpu_pct": 6220.1,
        "memory_bytes": 90177536,
        "connections": 512,
        "threads": 64,
        "duration_ms": 5000,
        "pipeline": 16,
        "bandwidth_bps": 4059999999.9999995,
        "input_bw_bps": null,
        "reconnects": 0,
        "status_2xx": 186267648,
        "status_3xx": 0,
        "status_4xx": 0,
        "status_5xx": 0
      }
    ]
  ]
}