{
  "data": [
    [
      "2026-04-21T20:43:48.0000000+00:00",
      {
        "rps": 208860,
        "avg_latency_ms": 10.23,
        "p99_latency_ms": 18.2,
        "cpu_pct": 1746,
        "memory_bytes": 2576980377,
        "connections": 4096,
        "threads": 64,
        "duration_ms": 5000,
        "pipeline": 1,
        "bandwidth_bps": 22900000,
        "input_bw_bps": 16129999.999999998,
        "reconnects": 103386,
        "status_2xx": 1044300,
        "status_3xx": 0,
        "status_4xx": 0,
        "status_5xx": 0
      }
    ]
  ]
}