{
  "data": [
    [
      "2026-04-06T18:35:18.0000000+00:00",
      {
        "rps": 7188,
        "avg_latency_ms": 70.38,
        "p99_latency_ms": 323.3,
        "cpu_pct": 6709.1,
        "memory_bytes": 8482560409,
        "connections": 512,
        "threads": 64,
        "duration_ms": 5000,
        "pipeline": 1,
        "bandwidth_bps": 1200000000,
        "input_bw_bps": 519450.00000000006,
        "reconnects": 0,
        "status_2xx": 35944,
        "status_3xx": 0,
        "status_4xx": 0,
        "status_5xx": 0
      }
    ]
  ]
}