{
  "data": [
    [
      "2026-03-27T09:23:02.0000000+00:00",
      {
        "rps": 17927,
        "avg_latency_ms": 26.96,
        "p99_latency_ms": 200.5,
        "cpu_pct": 5578.1,
        "memory_bytes": 262773145,
        "connections": 512,
        "threads": 64,
        "duration_ms": 5000,
        "pipeline": 1,
        "bandwidth_bps": 133169999.99999999,
        "input_bw_bps": null,
        "reconnects": 0,
        "status_2xx": 89635,
        "status_3xx": 0,
        "status_4xx": 0,
        "status_5xx": 0
      }
    ]
  ]
}