{
  "data": [
    [
      "2026-04-06T15:32:37.0000000+00:00",
      {
        "rps": 263152,
        "avg_latency_ms": 2.3,
        "p99_latency_ms": 21.1,
        "cpu_pct": 2930.6,
        "memory_bytes": 2684354560,
        "connections": 1024,
        "threads": 64,
        "duration_ms": 5000,
        "pipeline": 1,
        "bandwidth_bps": 4030000000.0000005,
        "input_bw_bps": 14300000,
        "reconnects": 131394,
        "status_2xx": 1315761,
        "status_3xx": 0,
        "status_4xx": 0,
        "status_5xx": 0
      }
    ]
  ]
}