{
  "data": [
    [
      "2026-06-07T15:09:34.0000000+00:00",
      {
        "rps": 8626,
        "avg_latency_ms": 99.73,
        "p99_latency_ms": 2680,
        "cpu_pct": 284.1,
        "memory_bytes": 75497472,
        "connections": 1024,
        "threads": 64,
        "duration_ms": 5000,
        "pipeline": 1,
        "bandwidth_bps": 33020000.000000004,
        "input_bw_bps": 589670,
        "reconnects": 3170,
        "status_2xx": 86260,
        "status_3xx": 0,
        "status_4xx": 0,
        "status_5xx": 0
      }
    ]
  ]
}