{
  "data": [
    [
      "2026-04-21T20:43:48.0000000+00:00",
      {
        "rps": 2362875,
        "avg_latency_ms": 1.7,
        "p99_latency_ms": 4.22,
        "cpu_pct": 6243,
        "memory_bytes": 198390579,
        "connections": 4096,
        "threads": 64,
        "duration_ms": 5000,
        "pipeline": 1,
        "bandwidth_bps": 265779999.99999997,
        "input_bw_bps": 182530000,
        "reconnects": 1181374,
        "status_2xx": 11814375,
        "status_3xx": 0,
        "status_4xx": 0,
        "status_5xx": 0
      }
    ]
  ]
}