{
  "data": [
    [
      "2026-04-01T09:56:28.0000000+00:00",
      {
        "rps": 1689512,
        "avg_latency_ms": 2.42,
        "p99_latency_ms": 28.6,
        "cpu_pct": 6379.4,
        "memory_bytes": 132644864,
        "connections": 4096,
        "threads": 64,
        "duration_ms": 5000,
        "pipeline": 1,
        "bandwidth_bps": 215730000,
        "input_bw_bps": 130509999.99999999,
        "reconnects": 0,
        "status_2xx": 8447563,
        "status_3xx": 0,
        "status_4xx": 0,
        "status_5xx": 0
      }
    ]
  ]
}