{
  "data": [
    [
      "2026-04-21T21:49:43.0000000+00:00",
      {
        "rps": 103737,
        "avg_latency_ms": 8.02,
        "p99_latency_ms": 44.4,
        "cpu_pct": 1574.4,
        "memory_bytes": 2576980377,
        "connections": 1024,
        "threads": 64,
        "duration_ms": 5000,
        "pipeline": 1,
        "bandwidth_bps": 521960000.00000006,
        "input_bw_bps": 5840000,
        "reconnects": 310991,
        "status_2xx": 1556059,
        "status_3xx": 0,
        "status_4xx": 0,
        "status_5xx": 0
      }
    ]
  ]
}