{
  "data": [
    [
      "2026-06-12T11:29:22.0000000+00:00",
      {
        "rps": 4712832,
        "avg_latency_ms": 6.32,
        "p99_latency_ms": 6.32,
        "cpu_pct": 6521.2,
        "memory_bytes": 3113851289,
        "connections": 1024,
        "threads": 64,
        "duration_ms": 5000,
        "pipeline": 1,
        "bandwidth_bps": 16030000000.000002,
        "input_bw_bps": null,
        "reconnects": 0,
        "status_2xx": 23846933,
        "status_3xx": 0,
        "status_4xx": 0,
        "status_5xx": 0
      }
    ]
  ]
}