{
  "data": [
    [
      "2026-05-17T21:20:14.0000000+00:00",
      {
        "rps": 992498,
        "avg_latency_ms": 0.29358,
        "p99_latency_ms": 0.29358,
        "cpu_pct": 5768.6,
        "memory_bytes": 10415295692,
        "connections": 1024,
        "threads": 64,
        "duration_ms": 5000,
        "pipeline": 1,
        "bandwidth_bps": null,
        "input_bw_bps": null,
        "reconnects": 0,
        "status_2xx": 5061423,
        "status_3xx": 0,
        "status_4xx": 0,
        "status_5xx": 0
      }
    ]
  ]
}