{
  "data": [
    [
      "2026-04-21T20:43:48.0000000+00:00",
      {
        "rps": 3333009,
        "avg_latency_ms": 1.09,
        "p99_latency_ms": 4.02,
        "cpu_pct": 6560.3,
        "memory_bytes": 198914867,
        "connections": 4096,
        "threads": 64,
        "duration_ms": 5000,
        "pipeline": 1,
        "bandwidth_bps": 209710000,
        "input_bw_bps": 257470000.00000003,
        "reconnects": 0,
        "status_2xx": 16665045,
        "status_3xx": 0,
        "status_4xx": 0,
        "status_5xx": 0
      }
    ]
  ]
}