{
  "data": [
    [
      "2026-04-21T21:49:43.0000000+00:00",
      {
        "rps": 26036,
        "avg_latency_ms": 9.83,
        "p99_latency_ms": 41.5,
        "cpu_pct": 375.8,
        "memory_bytes": 45822771,
        "connections": 256,
        "threads": 64,
        "duration_ms": 5000,
        "pipeline": 1,
        "bandwidth_bps": 131669999.99999999,
        "input_bw_bps": 1460000,
        "reconnects": 78011,
        "status_2xx": 390552,
        "status_3xx": 0,
        "status_4xx": 0,
        "status_5xx": 0
      }
    ]
  ]
}