{
  "data": [
    [
      "2026-04-02T09:58:32.0000000+00:00",
      {
        "rps": 1869,
        "avg_latency_ms": 60.16,
        "p99_latency_ms": 107.1,
        "cpu_pct": 401.9,
        "memory_bytes": 993630617,
        "connections": 128,
        "threads": 64,
        "duration_ms": 5000,
        "pipeline": 1,
        "bandwidth_bps": 61780000,
        "input_bw_bps": 133610000.00000001,
        "reconnects": 6205,
        "status_2xx": 28040,
        "status_3xx": 0,
        "status_4xx": 0,
        "status_5xx": 0
      }
    ]
  ]
}