{
  "data": [
    [
      "2026-03-27T09:23:02.0000000+00:00",
      {
        "rps": 69725,
        "avg_latency_ms": 6.17,
        "p99_latency_ms": 128.6,
        "cpu_pct": 3491.3,
        "memory_bytes": 5153960755,
        "connections": 512,
        "threads": 64,
        "duration_ms": 5000,
        "pipeline": 1,
        "bandwidth_bps": 535809999.99999994,
        "input_bw_bps": null,
        "reconnects": 0,
        "status_2xx": 348626,
        "status_3xx": 0,
        "status_4xx": 0,
        "status_5xx": 0
      }
    ]
  ]
}