{
  "data": [
    [
      "2026-04-21T20:43:48.0000000+00:00",
      {
        "rps": 3450370,
        "avg_latency_ms": 1.19,
        "p99_latency_ms": 6.75,
        "cpu_pct": 6395,
        "memory_bytes": 76965478,
        "connections": 4096,
        "threads": 64,
        "duration_ms": 5000,
        "pipeline": 1,
        "bandwidth_bps": 338770000,
        "input_bw_bps": 266529999.99999997,
        "reconnects": 0,
        "status_2xx": 17251853,
        "status_3xx": 0,
        "status_4xx": 0,
        "status_5xx": 0
      }
    ]
  ]
}