{
  "data": [
    [
      "2026-04-22T15:05:14.0000000+00:00",
      {
        "rps": 153659,
        "avg_latency_ms": 756.37,
        "p99_latency_ms": 756.37,
        "cpu_pct": 6499.5,
        "memory_bytes": 2040109465,
        "connections": 4096,
        "threads": 64,
        "duration_ms": 5000,
        "pipeline": 1,
        "bandwidth_bps": 529179999.99999994,
        "input_bw_bps": null,
        "reconnects": 0,
        "status_2xx": 788274,
        "status_3xx": 0,
        "status_4xx": 0,
        "status_5xx": 0
      }
    ]
  ]
}