{
  "data": [
    [
      "2026-04-01T09:56:28.0000000+00:00",
      {
        "rps": 818906,
        "avg_latency_ms": 0.624,
        "p99_latency_ms": 3,
        "cpu_pct": 6483,
        "memory_bytes": 32534377267,
        "connections": 512,
        "threads": 64,
        "duration_ms": 5000,
        "pipeline": 1,
        "bandwidth_bps": 65569999.99999999,
        "input_bw_bps": 63260000,
        "reconnects": 0,
        "status_2xx": 4094530,
        "status_3xx": 0,
        "status_4xx": 0,
        "status_5xx": 0
      }
    ]
  ]
}