{
  "data": [
    [
      "2026-04-27T15:07:38.0000000+00:00",
      {
        "rps": 36417,
        "avg_latency_ms": 20.01,
        "p99_latency_ms": 172.6,
        "cpu_pct": 1352.3,
        "memory_bytes": 688914432,
        "connections": 1024,
        "threads": 64,
        "duration_ms": 5000,
        "pipeline": 1,
        "bandwidth_bps": 158430000,
        "input_bw_bps": 2049999.9999999998,
        "reconnects": 109209,
        "status_2xx": 546268,
        "status_3xx": 0,
        "status_4xx": 0,
        "status_5xx": 0
      }
    ]
  ]
}