{
  "data": [
    [
      "2026-04-21T21:53:55.0000000+00:00",
      {
        "rps": 357713,
        "avg_latency_ms": 10.58,
        "p99_latency_ms": 27.4,
        "cpu_pct": 3289.4,
        "memory_bytes": 547356672,
        "connections": 4096,
        "threads": 64,
        "duration_ms": 5000,
        "pipeline": 1,
        "bandwidth_bps": 128259999.99999999,
        "input_bw_bps": null,
        "reconnects": 24930,
        "status_2xx": 5365697,
        "status_3xx": 0,
        "status_4xx": 0,
        "status_5xx": 0
      }
    ]
  ]
}