{
  "data": [
    [
      "2026-04-21T21:49:43.0000000+00:00",
      {
        "rps": 135351,
        "avg_latency_ms": 224.04,
        "p99_latency_ms": 224.04,
        "cpu_pct": 5071.1,
        "memory_bytes": 3650722201,
        "connections": 1024,
        "threads": 64,
        "duration_ms": 5000,
        "pipeline": 1,
        "bandwidth_bps": 2089999999.9999998,
        "input_bw_bps": null,
        "reconnects": 0,
        "status_2xx": 687586,
        "status_3xx": 0,
        "status_4xx": 0,
        "status_5xx": 0
      }
    ]
  ]
}