{
  "data": [
    [
      "2026-04-01T09:56:28.0000000+00:00",
      {
        "rps": 9200,
        "avg_latency_ms": 131.8,
        "p99_latency_ms": 2610,
        "cpu_pct": 11313.4,
        "memory_bytes": 1717986918,
        "connections": 16384,
        "threads": 64,
        "duration_ms": 5000,
        "pipeline": 1,
        "bandwidth_bps": 2009999999.9999998,
        "input_bw_bps": 664840,
        "reconnects": 0,
        "status_2xx": 46002,
        "status_3xx": 0,
        "status_4xx": 0,
        "status_5xx": 0
      }
    ]
  ]
}