{
  "data": [
    [
      "2026-03-30T10:55:15.0000000+00:00",
      {
        "rps": 10415,
        "avg_latency_ms": 89.45,
        "p99_latency_ms": 101.5,
        "cpu_pct": 806.1,
        "memory_bytes": 439353344,
        "connections": 4096,
        "threads": 64,
        "duration_ms": 5000,
        "pipeline": 1,
        "bandwidth_bps": 2089999.9999999998,
        "input_bw_bps": 6100000,
        "reconnects": 55032,
        "status_2xx": 52079,
        "status_3xx": 0,
        "status_4xx": 7572,
        "status_5xx": 0
      }
    ]
  ]
}