{
  "data": [
    [
      "2026-06-23T22:48:38.0000000+00:00",
      {
        "rps": 217405,
        "avg_latency_ms": 18.85,
        "p99_latency_ms": 42.3,
        "cpu_pct": 6244.1,
        "memory_bytes": 4831838208,
        "connections": 4096,
        "threads": 64,
        "duration_ms": 5000,
        "pipeline": 1,
        "bandwidth_bps": 287200000,
        "input_bw_bps": 16170000.000000002,
        "reconnects": 41681,
        "status_2xx": 1087025,
        "status_3xx": 0,
        "status_4xx": 0,
        "status_5xx": 0
      }
    ]
  ]
}