{
  "data": [
    [
      "2026-04-06T15:32:37.0000000+00:00",
      {
        "rps": 276076,
        "avg_latency_ms": 2.71,
        "p99_latency_ms": 20.2,
        "cpu_pct": 2455.4,
        "memory_bytes": 2791728742,
        "connections": 6800,
        "threads": 64,
        "duration_ms": 5000,
        "pipeline": 1,
        "bandwidth_bps": 4230000000.0000005,
        "input_bw_bps": 15010000,
        "reconnects": 137808,
        "status_2xx": 1380383,
        "status_3xx": 0,
        "status_4xx": 0,
        "status_5xx": 0
      }
    ]
  ]
}