{
  "data": [
    [
      "2026-06-19T08:29:20.0000000+00:00",
      {
        "rps": 647072,
        "avg_latency_ms": 0.787,
        "p99_latency_ms": 9.23,
        "cpu_pct": 1463.5,
        "memory_bytes": 1181116006,
        "connections": 512,
        "threads": 64,
        "duration_ms": 5000,
        "pipeline": 1,
        "bandwidth_bps": 66010000.00000001,
        "input_bw_bps": 49980000,
        "reconnects": 0,
        "status_2xx": 3235363,
        "status_3xx": 0,
        "status_4xx": 0,
        "status_5xx": 0
      }
    ]
  ]
}