{
  "data": [
    [
      "2026-04-21T21:49:43.0000000+00:00",
      {
        "rps": 37227,
        "avg_latency_ms": 5.3,
        "p99_latency_ms": 29.3,
        "cpu_pct": 403.2,
        "memory_bytes": 1073741824,
        "connections": 256,
        "threads": 64,
        "duration_ms": 5000,
        "pipeline": 1,
        "bandwidth_bps": 188790000,
        "input_bw_bps": 2089999.9999999998,
        "reconnects": 111637,
        "status_2xx": 558418,
        "status_3xx": 0,
        "status_4xx": 0,
        "status_5xx": 0
      }
    ]
  ]
}