{
  "data": [
    [
      "2026-04-06T15:32:37.0000000+00:00",
      {
        "rps": 837,
        "avg_latency_ms": 38.21,
        "p99_latency_ms": 140.6,
        "cpu_pct": 3117.6,
        "memory_bytes": 3435973836,
        "connections": 32,
        "threads": 64,
        "duration_ms": 5000,
        "pipeline": 1,
        "bandwidth_bps": 119500,
        "input_bw_bps": 16350000000.000002,
        "reconnects": 0,
        "status_2xx": 4195,
        "status_3xx": 0,
        "status_4xx": 0,
        "status_5xx": 0
      }
    ]
  ]
}