{
  "data": [
    [
      "2026-04-01T09:56:28.0000000+00:00",
      {
        "rps": 2887389,
        "avg_latency_ms": 0.572,
        "p99_latency_ms": 1.25,
        "cpu_pct": 6306.5,
        "memory_bytes": 4509715660,
        "connections": 4096,
        "threads": 64,
        "duration_ms": 5000,
        "pipeline": 1,
        "bandwidth_bps": 259589999.99999997,
        "input_bw_bps": null,
        "reconnects": 0,
        "status_2xx": 14436945,
        "status_3xx": 0,
        "status_4xx": 2402116,
        "status_5xx": 0
      }
    ]
  ]
}