{
  "data": [
    [
      "2026-04-21T20:43:48.0000000+00:00",
      {
        "rps": 53499203,
        "avg_latency_ms": 0.152,
        "p99_latency_ms": 0.218,
        "cpu_pct": 6025.4,
        "memory_bytes": 4402341478,
        "connections": 512,
        "threads": 64,
        "duration_ms": 5000,
        "pipeline": 16,
        "bandwidth_bps": 4179999999.9999995,
        "input_bw_bps": null,
        "reconnects": 0,
        "status_2xx": 267496016,
        "status_3xx": 0,
        "status_4xx": 0,
        "status_5xx": 0
      }
    ]
  ]
}