{
  "data": [
    [
      "2026-04-01T09:56:28.0000000+00:00",
      {
        "rps": 30160,
        "avg_latency_ms": 18.27,
        "p99_latency_ms": 272,
        "cpu_pct": 3579.1,
        "memory_bytes": 286890393,
        "connections": 4096,
        "threads": 64,
        "duration_ms": 5000,
        "pipeline": 1,
        "bandwidth_bps": 990130000,
        "input_bw_bps": 2109999999.9999998,
        "reconnects": 97852,
        "status_2xx": 452413,
        "status_3xx": 0,
        "status_4xx": 0,
        "status_5xx": 0
      }
    ]
  ]
}