{
  "data": [
    [
      "2026-03-30T10:55:15.0000000+00:00",
      {
        "rps": 59039,
        "avg_latency_ms": 3.39,
        "p99_latency_ms": 7.96,
        "cpu_pct": 2822.5,
        "memory_bytes": 123102822,
        "connections": 512,
        "threads": 64,
        "duration_ms": 5000,
        "pipeline": 1,
        "bandwidth_bps": 16629999.999999998,
        "input_bw_bps": 34570000,
        "reconnects": 218570,
        "status_2xx": 295198,
        "status_3xx": 0,
        "status_4xx": 42701,
        "status_5xx": 0
      }
    ]
  ]
}