{
  "data": [
    [
      "2026-04-21T20:43:48.0000000+00:00",
      {
        "rps": 52087,
        "avg_latency_ms": 75.66,
        "p99_latency_ms": 237.1,
        "cpu_pct": 4716.2,
        "memory_bytes": 5153960755,
        "connections": 4096,
        "threads": 64,
        "duration_ms": 5000,
        "pipeline": 1,
        "bandwidth_bps": 7500000,
        "input_bw_bps": 4019999.9999999995,
        "reconnects": 24229,
        "status_2xx": 260439,
        "status_3xx": 0,
        "status_4xx": 0,
        "status_5xx": 0
      }
    ]
  ]
}