{
  "data": [
    [
      "2026-04-21T20:43:48.0000000+00:00",
      {
        "rps": 850,
        "avg_latency_ms": 283.79,
        "p99_latency_ms": 1050,
        "cpu_pct": 6528.7,
        "memory_bytes": 10952166604,
        "connections": 256,
        "threads": 64,
        "duration_ms": 5000,
        "pipeline": 1,
        "bandwidth_bps": 129830.00000000001,
        "input_bw_bps": 6740000000,
        "reconnects": 748,
        "status_2xx": 4253,
        "status_3xx": 0,
        "status_4xx": 0,
        "status_5xx": 0
      }
    ]
  ]
}