{
  "data": [
    [
      "2026-04-06T15:32:37.0000000+00:00",
      {
        "rps": 9173,
        "avg_latency_ms": 50.72,
        "p99_latency_ms": 153.7,
        "cpu_pct": 8736.6,
        "memory_bytes": 1070596096,
        "connections": 512,
        "threads": 64,
        "duration_ms": 5000,
        "pipeline": 1,
        "bandwidth_bps": 2140000000.0000002,
        "input_bw_bps": 662890,
        "reconnects": 0,
        "status_2xx": 45958,
        "status_3xx": 0,
        "status_4xx": 0,
        "status_5xx": 0
      }
    ]
  ]
}