{
  "data": [
    [
      "2026-04-01T09:56:28.0000000+00:00",
      {
        "rps": 840483,
        "avg_latency_ms": 0.591,
        "p99_latency_ms": 6.19,
        "cpu_pct": 6544.5,
        "memory_bytes": 3972844748,
        "connections": 512,
        "threads": 64,
        "duration_ms": 5000,
        "pipeline": 1,
        "bandwidth_bps": 96950000,
        "input_bw_bps": 64930000.00000001,
        "reconnects": 420248,
        "status_2xx": 4202418,
        "status_3xx": 0,
        "status_4xx": 0,
        "status_5xx": 0
      }
    ]
  ]
}