{
  "data": [
    [
      "2026-04-01T09:56:28.0000000+00:00",
      {
        "rps": 1153497,
        "avg_latency_ms": 3.46,
        "p99_latency_ms": 28,
        "cpu_pct": 7104.6,
        "memory_bytes": 3650722201,
        "connections": 4096,
        "threads": 64,
        "duration_ms": 5000,
        "pipeline": 1,
        "bandwidth_bps": 133009999.99999999,
        "input_bw_bps": 89100000,
        "reconnects": 575781,
        "status_2xx": 5767485,
        "status_3xx": 0,
        "status_4xx": 0,
        "status_5xx": 0
      }
    ]
  ]
}