{
  "data": [
    [
      "2026-04-21T20:43:48.0000000+00:00",
      {
        "rps": 69917,
        "avg_latency_ms": 6.54,
        "p99_latency_ms": 17.7,
        "cpu_pct": 1257,
        "memory_bytes": 192937984,
        "connections": 512,
        "threads": 64,
        "duration_ms": 5000,
        "pipeline": 1,
        "bandwidth_bps": 8199999.999999999,
        "input_bw_bps": null,
        "reconnects": 0,
        "status_2xx": 349588,
        "status_3xx": 0,
        "status_4xx": 0,
        "status_5xx": 0
      }
    ]
  ]
}