{
  "data": [
    [
      "2026-04-21T20:43:48.0000000+00:00",
      {
        "rps": 70690,
        "avg_latency_ms": 107.34,
        "p99_latency_ms": 147.5,
        "cpu_pct": 1238.3,
        "memory_bytes": 141557760,
        "connections": 512,
        "threads": 64,
        "duration_ms": 5000,
        "pipeline": 16,
        "bandwidth_bps": 8359999.999999999,
        "input_bw_bps": null,
        "reconnects": 0,
        "status_2xx": 353453,
        "status_3xx": 0,
        "status_4xx": 0,
        "status_5xx": 0
      }
    ]
  ]
}