{
  "data": [
    [
      "2026-06-15T09:55:54.0000000+00:00",
      {
        "rps": 429242,
        "avg_latency_ms": 9.48,
        "p99_latency_ms": 156.3,
        "cpu_pct": 1087.8,
        "memory_bytes": 202375168,
        "connections": 4096,
        "threads": 64,
        "duration_ms": 5000,
        "pipeline": 1,
        "bandwidth_bps": 43790000,
        "input_bw_bps": 33159999.999999996,
        "reconnects": 0,
        "status_2xx": 2146213,
        "status_3xx": 0,
        "status_4xx": 0,
        "status_5xx": 0
      }
    ]
  ]
}