{
  "data": [
    [
      "2026-04-06T15:32:37.0000000+00:00",
      {
        "rps": 279790,
        "avg_latency_ms": 2.42,
        "p99_latency_ms": 20,
        "cpu_pct": 2142.7,
        "memory_bytes": 2147483648,
        "connections": 6800,
        "threads": 64,
        "duration_ms": 5000,
        "pipeline": 1,
        "bandwidth_bps": 4280000000.0000005,
        "input_bw_bps": 15210000,
        "reconnects": 139703,
        "status_2xx": 1398954,
        "status_3xx": 0,
        "status_4xx": 0,
        "status_5xx": 0
      }
    ]
  ]
}