{
  "data": [
    [
      "2026-06-04T17:23:21.0000000+00:00",
      {
        "rps": 52583,
        "avg_latency_ms": 3.13,
        "p99_latency_ms": 19.4,
        "cpu_pct": 401.3,
        "memory_bytes": 636485632,
        "connections": 256,
        "threads": 64,
        "duration_ms": 5000,
        "pipeline": 1,
        "bandwidth_bps": 266170000.00000003,
        "input_bw_bps": 2960000,
        "reconnects": 157747,
        "status_2xx": 788753,
        "status_3xx": 0,
        "status_4xx": 0,
        "status_5xx": 0
      }
    ]
  ]
}