{
  "data": [
    [
      "2026-04-01T09:56:28.0000000+00:00",
      {
        "rps": 668071,
        "avg_latency_ms": 1.52,
        "p99_latency_ms": 34.4,
        "cpu_pct": 6373,
        "memory_bytes": 133588582,
        "connections": 4096,
        "threads": 64,
        "duration_ms": 5000,
        "pipeline": 1,
        "bandwidth_bps": 65599999.99999999,
        "input_bw_bps": 51610000,
        "reconnects": 77342,
        "status_2xx": 3340357,
        "status_3xx": 0,
        "status_4xx": 0,
        "status_5xx": 0
      }
    ]
  ]
}