{
  "data": [
    [
      "2026-04-01T09:56:28.0000000+00:00",
      {
        "rps": 856,
        "avg_latency_ms": 552.25,
        "p99_latency_ms": 1360,
        "cpu_pct": 7434.3,
        "memory_bytes": 14925011353,
        "connections": 512,
        "threads": 64,
        "duration_ms": 5000,
        "pipeline": 1,
        "bandwidth_bps": 91130,
        "input_bw_bps": 16719999999.999998,
        "reconnects": 0,
        "status_2xx": 4369,
        "status_3xx": 0,
        "status_4xx": 0,
        "status_5xx": 0
      }
    ]
  ]
}