{
  "data": [
    [
      "2026-04-21T20:43:48.0000000+00:00",
      {
        "rps": 430749,
        "avg_latency_ms": 9.39,
        "p99_latency_ms": 26.6,
        "cpu_pct": 6285.4,
        "memory_bytes": 946864128,
        "connections": 4096,
        "threads": 64,
        "duration_ms": 5000,
        "pipeline": 1,
        "bandwidth_bps": 48460000,
        "input_bw_bps": 33270000.000000004,
        "reconnects": 0,
        "status_2xx": 2153748,
        "status_3xx": 0,
        "status_4xx": 0,
        "status_5xx": 0
      }
    ]
  ]
}