{
  "data": [
    [
      "2026-04-20T18:30:52.0000000+00:00",
      {
        "rps": 423322,
        "avg_latency_ms": 1.21,
        "p99_latency_ms": 4.83,
        "cpu_pct": 6381.3,
        "memory_bytes": 876609536,
        "connections": 512,
        "threads": 64,
        "duration_ms": 5000,
        "pipeline": 1,
        "bandwidth_bps": 47630000,
        "input_bw_bps": 32700000.000000004,
        "reconnects": 0,
        "status_2xx": 2116612,
        "status_3xx": 0,
        "status_4xx": 0,
        "status_5xx": 0
      }
    ]
  ]
}