{
  "data": [
    [
      "2026-06-27T16:36:18.0000000+00:00",
      {
        "rps": 375919,
        "avg_latency_ms": 10.2,
        "p99_latency_ms": 71.3,
        "cpu_pct": 2440.1,
        "memory_bytes": 263192576,
        "connections": 4096,
        "threads": 64,
        "duration_ms": 5000,
        "pipeline": 1,
        "bandwidth_bps": 155290000,
        "input_bw_bps": 32270000.000000004,
        "reconnects": 26468,
        "status_2xx": 5638792,
        "status_3xx": 0,
        "status_4xx": 0,
        "status_5xx": 0
      }
    ]
  ]
}