{
  "data": [
    [
      "2026-04-22T15:05:14.0000000+00:00",
      {
        "rps": 1213875,
        "avg_latency_ms": 99.6,
        "p99_latency_ms": 99.6,
        "cpu_pct": 6376.2,
        "memory_bytes": 1060110336,
        "connections": 4096,
        "threads": 64,
        "duration_ms": 5000,
        "pipeline": 1,
        "bandwidth_bps": 4110000000.0000005,
        "input_bw_bps": null,
        "reconnects": 0,
        "status_2xx": 6215040,
        "status_3xx": 0,
        "status_4xx": 0,
        "status_5xx": 0
      }
    ]
  ]
}