{
  "data": [
    [
      "2026-04-21T20:43:48.0000000+00:00",
      {
        "rps": 16269526,
        "avg_latency_ms": 0.502,
        "p99_latency_ms": 0.536,
        "cpu_pct": 6572,
        "memory_bytes": 68157440,
        "connections": 512,
        "threads": 64,
        "duration_ms": 5000,
        "pipeline": 16,
        "bandwidth_bps": 2009999999.9999998,
        "input_bw_bps": null,
        "reconnects": 0,
        "status_2xx": 81347632,
        "status_3xx": 0,
        "status_4xx": 0,
        "status_5xx": 0
      }
    ]
  ]
}