{
  "data": [
    [
      "2026-03-31T00:02:12.0000000+00:00",
      {
        "rps": 836,
        "avg_latency_ms": 76.54,
        "p99_latency_ms": 229.5,
        "cpu_pct": 6204.3,
        "memory_bytes": 4617089843,
        "connections": 64,
        "threads": 64,
        "duration_ms": 5000,
        "pipeline": 1,
        "bandwidth_bps": 88960,
        "input_bw_bps": 16329999999.999998,
        "reconnects": 0,
        "status_2xx": 4197,
        "status_3xx": 0,
        "status_4xx": 0,
        "status_5xx": 0
      }
    ]
  ]
}