{
  "data": [
    [
      "2026-06-24T18:51:13.0000000+00:00",
      {
        "rps": 35731,
        "avg_latency_ms": 27.44,
        "p99_latency_ms": 150.7,
        "cpu_pct": 1737.9,
        "memory_bytes": 3865470566,
        "connections": 1024,
        "threads": 64,
        "duration_ms": 5000,
        "pipeline": 1,
        "bandwidth_bps": 182360000,
        "input_bw_bps": 2009999.9999999998,
        "reconnects": 107074,
        "status_2xx": 535978,
        "status_3xx": 0,
        "status_4xx": 0,
        "status_5xx": 0
      }
    ]
  ]
}