{
  "data": [
    [
      "2026-04-21T20:43:48.0000000+00:00",
      {
        "rps": 602342,
        "avg_latency_ms": 6.5,
        "p99_latency_ms": 12.4,
        "cpu_pct": 6365.7,
        "memory_bytes": 1717986918,
        "connections": 4096,
        "threads": 64,
        "duration_ms": 5000,
        "pipeline": 1,
        "bandwidth_bps": 2089999999.9999998,
        "input_bw_bps": 28720000,
        "reconnects": 118728,
        "status_2xx": 3011710,
        "status_3xx": 0,
        "status_4xx": 0,
        "status_5xx": 0
      }
    ]
  ]
}