{
  "data": [
    [
      "2026-04-06T15:32:37.0000000+00:00",
      {
        "rps": 3812,
        "avg_latency_ms": 20.11,
        "p99_latency_ms": 198.7,
        "cpu_pct": 2064.2,
        "memory_bytes": 2254857830,
        "connections": 512,
        "threads": 64,
        "duration_ms": 5000,
        "pipeline": 1,
        "bandwidth_bps": 1070000000.0000001,
        "input_bw_bps": 275480,
        "reconnects": 0,
        "status_2xx": 19060,
        "status_3xx": 0,
        "status_4xx": 0,
        "status_5xx": 0
      }
    ]
  ]
}