{
  "data": [
    [
      "2026-04-21T20:43:48.0000000+00:00",
      {
        "rps": 1116468,
        "avg_latency_ms": 3.65,
        "p99_latency_ms": 15.8,
        "cpu_pct": 5859.3,
        "memory_bytes": 2040109465,
        "connections": 4096,
        "threads": 64,
        "duration_ms": 5000,
        "pipeline": 1,
        "bandwidth_bps": 128800000.00000001,
        "input_bw_bps": 86240000,
        "reconnects": 556765,
        "status_2xx": 5582341,
        "status_3xx": 0,
        "status_4xx": 0,
        "status_5xx": 0
      }
    ]
  ]
}