{
  "data": [
    [
      "2026-04-21T20:43:48.0000000+00:00",
      {
        "rps": 276543,
        "avg_latency_ms": 187.81,
        "p99_latency_ms": 283.6,
        "cpu_pct": 6496,
        "memory_bytes": 1717986918,
        "connections": 4096,
        "threads": 64,
        "duration_ms": 5000,
        "pipeline": 16,
        "bandwidth_bps": 32479999.999999996,
        "input_bw_bps": null,
        "reconnects": 0,
        "status_2xx": 1382717,
        "status_3xx": 0,
        "status_4xx": 0,
        "status_5xx": 0
      }
    ]
  ]
}