{
  "data": [
    [
      "2026-04-02T09:58:32.0000000+00:00",
      {
        "rps": 934,
        "avg_latency_ms": 48.75,
        "p99_latency_ms": 294.6,
        "cpu_pct": 407,
        "memory_bytes": 11166914969,
        "connections": 128,
        "threads": 64,
        "duration_ms": 5000,
        "pipeline": 1,
        "bandwidth_bps": 36710000,
        "input_bw_bps": 66769999.99999999,
        "reconnects": 14045,
        "status_2xx": 14022,
        "status_3xx": 0,
        "status_4xx": 0,
        "status_5xx": 0
      }
    ]
  ]
}