{
  "data": [
    [
      "2026-04-09T22:50:27.0000000+00:00",
      {
        "rps": 33781,
        "avg_latency_ms": 28.84,
        "p99_latency_ms": 89.8,
        "cpu_pct": 9406.2,
        "memory_bytes": 726663168,
        "connections": 1024,
        "threads": 64,
        "duration_ms": 5000,
        "pipeline": 1,
        "bandwidth_bps": 267980000.00000003,
        "input_bw_bps": null,
        "reconnects": 0,
        "status_2xx": 338157,
        "status_3xx": 0,
        "status_4xx": 0,
        "status_5xx": 0
      }
    ]
  ]
}