{
  "data": [
    [
      "2026-04-01T09:56:28.0000000+00:00",
      {
        "rps": 533360,
        "avg_latency_ms": 173.65,
        "p99_latency_ms": 173.65,
        "cpu_pct": 10744,
        "memory_bytes": 15676630630,
        "connections": 1024,
        "threads": 64,
        "duration_ms": 5000,
        "pipeline": 1,
        "bandwidth_bps": 8300000000.000001,
        "input_bw_bps": null,
        "reconnects": 0,
        "status_2xx": 2734600,
        "status_3xx": 0,
        "status_4xx": 0,
        "status_5xx": 0
      }
    ]
  ]
}