{
  "data": [
    [
      "2026-04-02T09:58:32.0000000+00:00",
      {
        "rps": 3597,
        "avg_latency_ms": 30.03,
        "p99_latency_ms": 246.6,
        "cpu_pct": 390.9,
        "memory_bytes": 520617984,
        "connections": 128,
        "threads": 64,
        "duration_ms": 5000,
        "pipeline": 1,
        "bandwidth_bps": 111860000,
        "input_bw_bps": 257149999.99999997,
        "reconnects": 12000,
        "status_2xx": 53960,
        "status_3xx": 0,
        "status_4xx": 0,
        "status_5xx": 0
      }
    ]
  ]
}